Tweet URL,Keywords,Account handle,Account name,Account bio,Account type,Joined,Following,Followers,Location,Tweet,Tweet Type,Date posted,Content type,Likes,Replies,Retweets,Days Since First Case (21/01/20)
https://twitter.com/tvpatrol/status/1237383960293830660 ,magpaaraw; covid19,@TVPatrol,TV Patrol,"Patrol ng Pilipino, naglilingkod saan man sa mundo.",Media,06/10,264,2568472,Philippines,"Magpaaraw ng mahigit 20 minuto, uminom ng maraming tubig, at kumain ng masustansyang pagkain -- ilan lamang ito sa mga paraan para mapalakas ang ating resistensya sa kabila ng banta ng #COVID19.

{Alt-text image: a link preview showing elementary school children wearing face masks}","Text, Image, URL",10/03/20 22:25,Rational,99,3,36,49
https://twitter.com/abscbnnews/status/1237307204438384640,pagbibilad; covid19,@ABSCBNNews,ABS-CBN News,"Stories, video, and multimedia for Filipinos worldwide, from ABS-CBN News and Current Affairs",Media,08/08,1078,8928998,"Manila, Philippines","Pagbibilad sa araw, maayos na tulog pampalakas-resistensya vs #COVID19'

{Alt-text image: a link preview showing elementary school children wearing face masks}","Text, Image, URL",10/03/20 17:20,Rational,306,7,85,49
https://twitter.com/iamkarendavila/status/1253671884249391105,magpa-araw; coronavirus,@iamkarendavila,Karen Davila,"Broadcast Journalist, ABSCBN. Rotary Club Journalist Of The Year 2004. TOYM 2008. TOWNS 2013. IVLP 2019. UP GLORY AWARDEE 2020. Young Global Leader, WEF.",Media,03/10,720,3692310,Philippines,Magpa-araw... huwag lang may katabi ğŸ˜‰ US lab results show heat & humidity slow down coronavirus  https://washingtonpost.com/weather/2020/04/23/lab-study-coronavirus-summer-weather/?outputType=amp,"Text, URL",24/04/20 21:07,Rational,122,17,22,94
https://twitter.com/for__keeps/status/1223223534916259840,maligamgam; asin; ncov,@for__keeps,Rommel Villegas,"Social media influencer. Online ESL Teacher. Kapusong Totoo. Movie critic. Sapiosexual. O.C. CTTO for all news articles, shared only FYI.",Identified,07/09,71,1083,Pasay City,"Bukod sa regular na paghugas ng kamay at pagpapalakas ng ating resistensya, inaabisuhan ang publikong magmumog ng maligamgam na tubig na may asin upang makaiwas sa 2019 nCoV.

BASAHIN: https://bit.ly/2S8KhzE

{Alt-text image: A text saying ""Pagmumunog ng maligamgam na tubig na may asin, nakatutulong kontra n-CoV! Ayon kay infectious disease specialist Dr. Rey Salinel, malaki ang maitutulong ng pagmumumog ng maligamgam na tubig na may asin upang maka-iwas sa novel coronavirus. Ang mataas nitong salt concentration ay nakapapatay ng maraming bacteria at virus."" A glass of water and logos of GMA news are portrayed}","Text, Image, URL",21/01/20 20:26,Rational,0,0,0,0
https://twitter.com/dzrhnews/status/1224608701501231105,maligamgam; asin; virus,@dzrhnews,DZRH News,"The official Twitter account of radio station DZRH, Manila Broadcasting Company, Ang Kaunaunahan sa Pilipinas.",Media,09/09,1113,133338,"Manila, Philippines","Health News: Pagmumumog ng maligamgam na tubig na may asin pwedeng pangontra sa virus | via 
@JecelleRicafort
 #Breaktime #DZRHat80","Text, Reply",04/02/20 16:20,Rational,1,0,1,14
https://twitter.com/BestTambayan/status/1406528466124640260,maligamgam; asin; covid,@BestTambayan,Best Pinoy Tambayan,"Best Pinoy Tambayan is a best filipino community Pinoy tambayan lambingan, pinoy news, sharing sa mga kaalaman, at ibat-ibang topics na nakakatulong sa lahat.",Media,01/20,13,4,Philippines,"Panglaban Sa Covid 19: Maligamgam Na Tubig At Asin! https://bestpinoytambayan.com/2021/06/panglaban-sa-covid-19-maligamgam-na.html via 
@BestTambayan","Text, URL",20/06/21 16:24,Rational,0,0,0,516
https://mobile.twitter.com/bradford_adkins/status/1247746181393862656,maligamgam; asin; virus,@bradford_adkins,Bradford Adkins,"Authors 'Scenes In The City' a weekly piece published in a San Francisco Newspaper, w/online readership in 176 countries! http://ScenesInTheCity.com",Identified,05/09,2511,2411,"San Francisco, CA",Pagmumumog ng asin at pag-inom ng maligamgam na tubig puwedeng pamatay ng virus | Pilipino Star Ngayon https://philstar.com/pilipino-star-ngayon/showbiz/2020/04/08/2006140/pagmumumog-ng-asin-pag-inom-ng-maligamgam-na-tubig-puwedeng-pamatay-ng-virus,"Text, URL",08/04/20 12:40,Rational,0,0,0,78
https://mobile.twitter.com/alcazarjoel101/status/1380716106134953985,vco; covid,@alcazarjoel101,Joel Alcazar,"TRUTH WILL SHOW YOU, WHY THERE'S ATHEISTS",Identified,02/17,1083,1430,"Puerto Princesa City, Mimaropa","I'm sorry Doc Adam, 
My covid-patient friend healed and tested negative after using VCO daily, but we're not saying that it is an absolute alternative for vaccines. Hindi porket walang written evidence ang mga medical institutions, WHO, or DOH, ay wala ng proof etc. F**T DOH.

{Alt-text image: Raffy Tulfo, Doc Adam, and a bottle of ivermectin. Covid-related imageries are seen in the background}","Text, Image",10/04/21 10:55,Emotional,91,67,12,445
https://mobile.twitter.com/BeastofEarth/status/1597484262671863809,vco; covid,@BeastofEarth,Beast of Earth,"Leviathan 
@vorzlabs
 Web6. Free Immortality to Hexagon Believer! Delete Money! Join Mystiscientism! Chief of VIA. Ophirian Citizen https://linktr.ee/vorzofficial",Anonymous,07/21,226,192,Automata of Ophir,"I have taken VCO since 2017 without a vax or booster shots from 2020, and I am still COVID-19 free.","Text, Reply",29/11/22 14:55,Emotional,10,0,8,1043
https://twitter.com/CuyosShane/status/1484004379628011521,salabat; covid,@CuyosShane,FortuneğŸŒ¸,just simple and i love music..,Anonymous,07/15,1278,459,,"This is it! Salabat with lemon ito nakagaling samen sa covidğŸ‹ğŸ™ğŸ˜Š

{Alt-text image: two mugs full of sliced lemons and a nearly clear fluid which is supposively salabat, placed on a wooden table}","Text, Image",20/01/22 11:16,Emotional,0,0,0,730
https://twitter.com/SapEgg/status/1329098772782084097,salabat; covid,@SapEgg,Sap Yo,I am egg,Anonymous,02/12,182,115,"Egglescliffe, England",Hello. I am selling Salabat Powder 250g and Turmeric Powder 250g for P250 each. This very good against COVID-19. I rate 10/10. Free Delivery every Sunday (kung dli muulan). Davao City area lang po hihi,"Text, Reply, Image",19/11/20 00:26,Transactional,10,0,4,303
https://twitter.com/RuthSan43537226/status/1459458458491576328,salabat; covid,@RuthSan43537226,Ruth Sanchez,,Anonymous,11/20,9,1,,SALABAT IS GOOD TO FIGHT FLU PNEUMONIA OR COVID BOIL WATER THEN GENGIR THE MORE THE BETTER  ADD BANANA OR KAMOTE BROWN SUGAR IT IS GOOD FOR THE CHILDREN OR FOR EVERYONEMY TWETTIR ACCOUNT NUMBER RUTH A SANCHEZ TAKE CARE PO I LOVE YOU ALL GOD IS GOOD TO HIM NOTHING IMPOSSIBLETHANKS,Text,13/11/21 17:49,Rational,0,0,0,662
https://twitter.com/mitjj23/status/1491010962044104705,salabat; covid,@mitjj23,TIPğŸ’,Faith is being sure of what we hoped for ğŸ¤,Anonymous,05/15,482,243,,"EAT FRUITS AND VEGETABLES-PANG PA BOOST NG IMMUNE SYSTEM-DOC. JOEY

ALTERNATIVE TREATMENTS FOR COVID ACCORDING TO HIM:
SALABAT
AMPALAYA
BAWANG
LUYA",Text,08/02/22 19:28,Rational,0,0,0,749
https://mobile.twitter.com/marizumali/status/1249658781144772608,salabat; covid,@marizumali,Mariz Umali,"Reporter, Anchor, Host of GMA7 & GMA News TV",Media,04/10,1204,213972,"Manila, Philippines","DILG Sec Eduardo AÃ±o says traditional steam inhaling, drinking salabat with calamansi and garlic, gargling warm water with salt, sunlight and a lot of prayers were his weapons to fight covid 19. 
@gmanews",Text,13/04/20 19:20,Emotional,58,1,10,83
https://twitter.com/CJulchll/status/1285191417615118338,salabat; covid,@CJulchll,SikoloChristaÂ²â´,"21 years old Future RPm /RPsy soon
Second Account",Anonymous,12/19,719,233,,Take some ginger tea or salabat and gargle some  warm water with salt it can help you to prevent  covid 19,Text,10/07/20 20:34,Rational,1,0,0,151
https://twitter.com/simeoooooooon/status/1239039660212367360?s=19,saging; covid; banana,@simeoooooooon,âšœï¸,Destined for greatness.,Anonymous,12/15,163,200,,May nakita ako news from Australia na ang pagkain ng saging ay nagdedecrease ng percentage ng pag kakaroon ng covid. Can i eat your banana? HAHAHAHAHAHHHAA eat your bananas mga vro,Text,15/03/20 12:04,Emotional,7,1,0,54
https://twitter.com/sophiexlim_/status/1239499806306734081?s=19,saging; covid; banana,@sophiexlim_,sophie,"lord, guide me always",Anonymous,06/12,896,760,,"Feel ko mag kaka ubusan na ng saging ngayon! Kakasabe lang sa balita, nakaka prevent ng COVID HAHHAA lezgo buy bananas",Text,16/03/20 18:32,Emotional,3,0,0,55
https://twitter.com/QuilloyDan/status/1239759434319974400?s=19,saltwater; salt; banana; covid,@QuilloyDan,Guiel,"If you see this, study date tayo.",Anonymous,04/17,693,531,,"Omg saltwater helps RESEARCH NAMIN YAN HAHAHAHA, try Rock salt it is the cheapest and the most effective electric conductor compare to Himalayan and Iodized salt (Comia, et al., 2020) HEHEHEHEHHE","Text, Reply",17/03/20 11:44,Rational,8,1,1,56
https://twitter.com/sengaomerpus/status/1266323480112291844?s=19,turmeric; luya; lemon; saline; covid,@sengaomerpus,senga,,Anonymous,08/09,41,38,,"One nids 2 build d immune system.I drink lemoney wt neem,papaya,wild guava,moringa leaves+boil tanglad,turmeric,luya even b4 Covid, it feels sad dat som r stil clueless.Govnr here s givin away ğŸ‹plants&inspires gardening,steam inhalation,gargle saline,tek Vit CğŸ˜Š",Text,29/05/20 19:00,Emotional,0,0,0,129
https://twitter.com/jamesAn76291174/status/1427011403592830976?s=19,salt; ginger; luya; covid,@jamesAn76291174,james Ang,,Anonymous,04/20,3,0,,"Try ginger(luya) in hot water, with a little salt. This may be strong but is the best cure for Covid. Covid attacks the respiratory system, so we need a counter measure for it.",Text,16/08/21 04:56,Emotional,5,0,0,573
https://twitter.com/aryasatrapik/status/1483076081863524352?s=19,salt; ginger; luya; covid,@aryasatrapik,Ariana Brigida,"Semi-tired workaholic, hopeless writer.
'Honk to be heard...our opinions count.'",Identified,10/16,374,375,,"Linhua, Chinese herbal meds for Covid & flu ( 3- 4 tablets 3 x a day), steam, gargling warm h20 with salt,  ginger (real luya) tea, Biogesic for fever, plenty of rest and sleep worked well with me.","Text, Reply",17/01/22 21:57,Emotional,6,1,0,727
https://twitter.com/aryasatrapik/status/1483076567840755713,salt; ginger; luya; covid,@aryasatrapik,Ariana Brigida,"Semi-tired workaholic, hopeless writer.
'Honk to be heard...our opinions count.'",Identified,10/16,374,375,,I also put sliced onions beside my bed evry 2 days which help absorb the virus/ bacteria around. Lots of prayers.,"Text, Reply",17/01/22 21:59,Emotional,10,0,0,727
https://twitter.com/dkstarmoonchild/status/1305825899799953408?s=19,ginger; luya; covid,@dkstarmoonchild,dk_moonchild,,Anonymous,08/20,13,4,,"Hala nasa ospital ka ba ngayon? 
Ako nagka covid rin last month pero nag isolate lang ako sa house and lagi ako umiinom ng pinakuluan ng ginger/luya and calamansi juice  para sa ubo ko at gumaling ako after two weeks.
Laban lang! 
#DonKiss
#DonKissFam https://twitter.com/dkjuly2788/status/1305821365866463235","Text, Reply",15/09/20 19:08,Emotional,0,1,0,238
https://twitter.com/MartaG0830/status/1239168930209509376,magmumog,@MartaG0830,Marta GÂ²â·,"â€¢ virgo â€¢
â€¢ coffeelover â€¢
â€¢gamerâ€¢
â€¢chefâ€¢
â€¢walk by faith, not by sightâ€¢",Anonymous,02/20,674,543,,"Para iwas covid-19 
uminum ng warm water, uminum ng vitamins c, magmumog ng warm water with salt, maghugas ng maigi ng mga kamay at panatiliin malinis ang paligid ğŸ‘ŠğŸ’ª",Text,15/03/20 20:37,Rational,25,0,9,54
https://twitter.com/FrancisPagalil1/status/1372872974580129792,luya,@FrancisPagalil1,Francis P,My line of thinking,Anonymous,12/20,4,0,,"Raw spices lang ang katapat ng Covid. At the first sign of symptom,magtadtad lang ng hilaw na bawang,lagay sa kutsara,gul down with a glass of water. Do it twice a day. Thank me later...","Text, Reply",19/03/21 19:29,Rational,0,0,0,423
https://twitter.com/TieDolce143/status/1239188396125323264,corona; saging,@TieDolce143,ğŸ¦‹,,Anonymous,02/20,935,475,,"Mag saging taU palagi para panlaban sa corona..ğŸ˜ŠğŸ˜Š
 [Video claiming bananas prevent coronavirus]","Text, Video",15/03/20 21:55,Rational,7,0,2,54
https://twitter.com/hoygab_/status/1239146952568098817,corona; saging,@hoygab_,gabgab â˜ï¸,"he was sunshine, i was midnight rain",Anonymous,12/16,542,608,"Malolos, Bulacan","Kumain kayo ng Saging, kontra corona virua din yonnn",Text,15/03/20 19:10,Emotional,0,0,0,54
https://twitter.com/BongCalan2an/status/1487711981515640836,mumog; COVID,@BongCalan2an,Bong Calantuan,"Filipino, Caviteno, Grandfather, father, husband, brother, son, (deluded) poet, rocker, finance guy, asshhole, deaf guy",Identified,03/13,350,260,Philippines,"paranoid? masamang tama lang yan, bad trip baga. Uminun ka ng tubig na may asin, mumog mo rin pantangal covid",Text,30/01/22 16:59,Emotional,3,0,0,740
https://twitter.com/gayshaph/status/1244230545015312386,sibuyas; COVID,@gayshaph,Be informed. Not influenced.,"M.A. in Political Science and Law ğŸ…ğŸ‘‘ğŸ† ğŸŒˆ dubito, ergo cogito, ergo sum.",Media,02/19,341,223,"Philippines, USA","Onions to prevent #coronavirus! Looks like onions will be the bext item to sell out after bananas, alcohol, masks and vitamin C! #Covid_19 #COVID2019 #COVID19 #COVID19PH #Philippines #Onions #Sibuyas #VitaminC  #Bananas CTTO  

[Alt-text image: picture of onions and text detailing incident of Chinese doctor finding a family untouched by COVID due to onions]","Text, Image",29/03/20 19:50,Rational,3,0,2,68
https://mobile.twitter.com/BlogsKuya/status/1252787146953355264,"""dahon ng""; covid",@BlogsKuya,kuya seagol blogs,"Do what makes you happy, and don't care what others think.",Anonymous,04/19,26,0,"Doha, Qatar","Gamot sa covid 19
#2019nCoV 
Tatlong dahon ng mariwana/cannabis (sariwa) pakuluan 10minutes palamigin haluan ng asin 1tbsp at ng 2 tbsp lambanog sa sasa(nipa wine ) puro note: para lang po sa may sakit na covid positive ğŸ‘ğŸ‘ğŸ‘",Text,22/04/20 10:31,Rational,1,0,0,93
https://twitter.com/dkstarmoonchild/status/1305830423272906752,ginger; luya; covid,@dkstarmoonchild,dk_moonchild,,Anonymous,08/20,13,4,,"I feel you..mahirap talaga tapos yung ubo na non stop sakit sa puso.. Inom mo lagi ng pinakuluan na ginger feel ko yan ang nagpapagaling sa akin.
Kaya mo yan sis :)","Text, Reply",15/09/20 19:26,Emotional,0,1,0,238
https://twitter.com/TheClifthanger/status/1239100994773901312,saging; covid,@TheClifthanger,C Daluz,Writer // Editor // News Junkie // Tech Enthusiast // Digital Moxie // The Internet does not exist for a single opinion. It is a marketplace of ideas,Identified,12/11,636,41881,Philippines,"Shared from a news forum I am in. Saging lang ang katapat ng COVID-19...
[Video claiming bananas prevent coronavirus]","Text, Video",15/03/20 16:07,Rational,1,0,2,54
https://twitter.com/BaruaKianTroy/status/1239125695193726976,saging; covid,@BaruaKianTroy,JemboğŸ,Tired,Anonymous,03/19,1261,1184,"Lungsod ng Koronadal, Rehiyon ","Garbe! Saging lang pala ang Katapat! 

newest solution for timely fast spreading Covid-19

lets share and press the re-tweet button together.

#COVID2019 
#cureforcoronavirus","Text, Video",15/03/20 17:46,Rational,3,0,0,54
https://twitter.com/Jeyyyyyemmmm/status/1248080528126828544,asin; maligamgam; covid,@Jeyyyyyemmmm,J M,PuhonğŸ¤,Anonymous,08/18,375,400,mag. nag. isa. ,"maligamgam na tubig at lagyan nag asin. para anti covid 19. Only PICC knows.â›ªğŸ¥€â¤
                                                             -apoâ¤","Text, Video",09/04/20 10:49,Rational,4,0,0,79
https://twitter.com/_r3alMe/status/1252544696972238849,asin; maligamgam; covid,@_r3alMe,Â©Ï€â‚¬3$,,Anonymous,06/15,816,268,"Taguig City, National Capital ",inom kang 3 lagok ng maligamgam na tubig na may asin ung kayang init ng lalamunan mo tas after 15mins inom ka ng maligamgam na tubig na walang asin para mahugasan lalamunan mo para iwas covid un at para rin sa mga hirap huminga... Tc kababayan...,"Text, Video",21/03/20 18:28,Rational,0,0,0,60
https://twitter.com/JWSTpilipinas/status/1545511406962741249,onion; covid; gamot,@JWSTpilipinas,Dante Almazan,"Pot exista mari diferenÈ›e Ã®ntre noi Ã®n ceea ce priveÈ™te detaliile minore ale a ceea ce poate È™tim, totuÈ™i suntem cu toÈ›ii egali Ã®n ignoranÈ›a noastrÄƒ infinitÄƒ.",Identified,12/09,1423,339,Republic of the Philippines,Gamot lang naman dyan sa covid whatever variant is eating raw red onions or okra for its very high quercetin content which removes or lowers the viral load. Tawa-tawa tea is very effective.,Text,09/07/22 04:53,Rational,0,0,0,900
https://twitter.com/Zjilany1/status/1223073251594731520,malunggay; corona,@Zjilany1,Duchess,hiatus but not leaving. MW only.,Anonymous,12/14,2504,4127,Republic of the Philippines,"Ang corona virus po ay namamatay sa alak at alcohol. At malunggay are best virus killer. Specially the katas ng dahon. 

@mor1019
 #MORHot10 Kakayanin Kaya By Maymay Entrata

#MaymayEntrata
#EdwardBarber
#MayWard",Text,31/01/20 10:39,Rational,4,0,15,10
https://twitter.com/Jaceld2/status/1300821728646426626,malunggay; covid,@Jaceld2,Jaceld,friendly,Anonymous,07/20,78,0,,Natural plasma found in malunggay can cure dengue & covid-19,Text,01/09/20 23:44,Rational,0,0,0,13
https://twitter.com/dongabay/status/1264434427943251968,marijuana; gamot; virus,@dongabay,Dong Abay,Asia's Rockstar Extraordinaire,Identified,05/09,0,20555,"Luzon Island, Philippines","Ayon sa mga siyentipiko sa ibat-ibang panig ng mundo, ang tanging gamot sa corona virus ay DUBI. #cannabis #marijuana",Text,24/05/20 13:53,Rational,133,0,33,124
https://twitter.com/plhivgroot19/status/1425365880490188800,lakatan; covid,@plhivgroot19,south_qt,"PLHIV | LTD | UD

Stay happyğŸ˜ strongğŸ’ª healthy ğŸ’š with Godâ˜ï¸ familyğŸ‘ª eat healthy ğŸ’š",Anonymous,12/19,4688,3986,"Calabarzon, Republic of the Ph",Mas okay yung lakatan na saging nagka covid ako yan kinain ko for 1 week bilis ng recovery di kasi ako maka kain nun ng mattigas lagi ako naka higa taas pa ng lagnat.,"Text, Reply",11/08/21 15:58,Emotional,3,0,0,568
https://twitter.com/gmanews/status/1368951420485967878?s=19,covid; gasoline,@gmanews,GMA Integrated News,"Welcome to the official Twitter account of GMA Integrated News in the Philippines, the News Authority of the Filipino.",Media,05/09,677,6484486,Philippines,"President Rodrigo Duterte again suggested that, aside from following the basic COVID-19 health protocols, Filipinos could use gasoline or fuel from a gas station as a COVID-19 disinfectant. {Attached Link: https://www.gmanetwork.com/news/topstories/nation/778852/duterte-repeats-advice-to-use-gasoline-as-a-covid-19-disinfectant/story/}","Text, Reply",08/03/21 23:47,Rational,1141,195,137,412
https://twitter.com/loidasandiego77/status/1264037805887336449,covid; luya; lemon,@loidasandiego77,Babaeng TagaMalolos,Isa akong Pilipino. Manunulat at isang kaibigan; nadaya ng mga leftist salamat at nagising. Ngayon ako'y isang digital storyteller.,Anonymous,04/16,2126,21595,"Santa Maria, Central Luzon, Philippines","Walang magagawa.
Luya at lemon muna panlaban sa CoVid ...
{Alt-text image: picture of ginger and lemon tea}","Text, Image",23/05/20 11:37,Emotional,55,3,2,123
https://twitter.com/akoito1219/status/1264069423008104448,covid; luya; lemon,@akoito1219,akoito1219,a person that values everything...,Anonymous,07/16,271,91,,"Eto saakin.  Orange + teabag+ mainit na water.
{Alt-text image: picture of orange slices, calamansi, and herbs inside a container, with a bottle of multivitamins beside it}","Text, Image",23/05/20 13:43,Emotional,0,0,0,123
https://twitter.com/drifterocean/status/1264799103621328897,covid; luya; lemon,@drifterocean,Vida,"â€œYesterday is history,
tomorrow is a mystery, 
and today is a gift... 
that's why they call it presentâ€",Anonymous,06/16,334,445,,Take salabat/nilagang luya 3x a day. boost immune system . its a big help for covid positive... get well and keepsafe,"Text, Reply",25/05/20 14:02,Emotional,1,0,0,125
https://twitter.com/xunerxiaoyan25/status/1285807014233309189,covid; luya; lemon,@xunerxiaoyan25,xunerxiaoyan,Xiao Yan xunerğŸ‘¸ğŸ¤´ğŸ’›ğŸ’›,Anonymous,06/19,159,268,"Marikina City, National Capita","Hello jadines may eeshare lng ako nitong mga nakaraang araw ay nakaranas ako ng ubo at sipon at yung pangangati ng lalamunan ko na parang sintomas ng covid  lemon luya at honey di nmn sya gamot pero ito yung iniinom ko sa awa ng diyos ang bilis nawala ng sipon at ubo ko.ğŸ˜Š
{Alt-text image: picture of ginger in a jar}","Text, Image",22/07/20 13:20,Emotional,18,2,0,183
https://twitter.com/nheng01277080/status/1484018127373537281,covid; luya; lemon,@nheng01277080,Nenglen,,Anonymous,01/18,2000,990,United Arab Emirates,"When have close contact to 10 covid positive people..pray..take meds,drink a lot of luya, lemon and honey and entertain urself while in isolationğŸ˜·",Text,20/01/22 12:21,Emotional,0,0,0,730
https://twitter.com/dabethbest/status/1432716631818608643,covid; luya; lemon,@dabethbest,L,HIJAKENâœ¨ğŸ˜‡,Anonymous,05/21,54,54,,"Yung the best na panlaban nila dito samin ng COVID ay luya, paminta, falene. Yung kinecandy nila yung luya, kinakain ng fresh yung paminta o di kaya ay binoboil.",Text,31/08/21 22:47,Emotional,0,0,0,588
https://twitter.com/Chill_A10/status/1243621248992772098,covid; luya; lemon,@Chill_A10,CHILL and hibernating ğŸ£,A'TIN since 2019,Anonymous,12/19,2053,1578,Kuwait,"I hope covid didn't get you co A'tin...im praying for you..

Inum ka ng mainit na tubig na may luya..or mainit na tubig na may lemon...

@SB19Official
 #SB19",Text,28/03/20 3:29,Emotional,0,0,0,67
https://twitter.com/osorioru11/status/1376089889758797824,covid; asin; tubig,@osorioru11,rowi ğŸ’šğŸ¢ğŸŒ¿ğŸ€,"start and end the day with ğŸ™be fair 
and squareğŸ˜Š kissesğŸ’‹yAssğŸ˜LouğŸ’šKdLexğŸ¤",Anonymous,12/15,1887,1862,Republic of the Philippines,"ingat ingat fren
...covid syptoms yan,
mag gargle ka ng mainit na tubig with isang Kutsara asin, aalwan pakiramdam mo... 

DALAWANG TAON LOUDRE","Text, Reply",28/03/21 16:32,Emotional,1,0,1,432
https://twitter.com/daisybelleporo2/status/1243147911443042304,nilagang; itlog; covid,@DaisyBellePoro2,DaisyğŸŒ»,"Tiktok: daisybelle02
IG: daisybelle02
FB: Daisybelle Calimpon Porol
Youtube : Daisybelle Porol",Identified,12/19,67,120,"Solangon, San Juan, Siquijor","@WHOPhilippines
 Sana mapansin nyo to,may teacher samin dito sa Probinsya nananaginip siya sa Santo NiÃ±o na lahat nang tao ay dapat kumain ng""Nilaga na Ilog""kasi ito daw ang lunas sa COVID-19,kailangan daw boong mundo ang kumain ng nilagang itlog. Wala namang mawawala kung subukan",Text,26/03/20 20:08,Emotional,0,0,0,66
https://mobile.twitter.com/uttokaren_12/status/1243020967489634305,nilaga; itlog; covid,@uttokaren_12,Karen G,; â¤ï¸,Anonymous,01/20,60,11,,"Itlog na nilaga , laban sa corona virus â¤ï¸",Text,26/03/20 11:44,Rational,0,0,0,66
https://twitter.com/jdg_teamwarrior/status/1239133743404576769,"""saging lang""; coronavirus",@jdg_teamwarrior,jdg_warrior,True Love exist,Anonymous,02/19,51,1805,Middleast,"Saging lang pala KATAPAT ng Coronavirus..Bili na ng saging...!

{Video showing various footages of covid-19 and bananas lifted from stock footages and different sources. It is accompanied by snippets of texts claiming that bananas are nutritious and can prevent covid-19}","Text, Video",15/03/20 18:18,Rational,52,0,17,55
https://twitter.com/kmbrly28225912/status/1239136046450765824,"""saging lang""; coronavirus",@kmbrly28225912,kmbrlyâ™¡,follow my IG kimmmyyyy.qt,Anonymous,03/20,33,2,"Los Angeles, CA",Saging lang pala katapat ng corona virus ea,Text,15/03/20 18:27,Rational,0,0,0,55
https://mobile.twitter.com/jerrix_yanila/status/1239164115773317120,saging; virus,@jerrix_yanila,jerrix yanila,ugly,Identified,03/20,9,2,,"ito daw ang mabisang gamot sa CORONA VIRUS ang sagingğŸ¤”ğŸ¤”

{Video showing various footages of covid-19 and bananas lifted from stock footages and different sources. It is accompanied by snippets of texts claiming that bananas are nutritious and can prevent covid-19}","Text, Video",15/03/20 20:18,Rational,2,0,0,55
https://twitter.com/ArtPostAsia/status/1272363337779687424,drink; water; virus,@ArtPostAsia,"ArtPostAsia, Inc.","ArtPostAsia is a publishing and design group producing beautifully photographed books with compelling narratives on Asian ART, CULTURE and HERITAGE",Anonymous,10/12,165,178,"Makati, Philippines","Dr. Galvez Tan advises to drink a lot of water. Drinking may push down the virus from the mouth to the stomach, which is inhospitable and acidic.

Source: https://news.abs-cbn.com/ancx/culture/spotlight/03/26/20/coconut-acupuncture-and-other-natural-preventive-measures-against-covid-19

{Alt-text image: Text saying ""Drink one glass of water every hour from 6 am to 6 pm, for a minimum of 12 glasses a day. Ideally, one should drink 15 glasses of water a day. Dr. Jaime Galvez Tan"" with a glass of water in the background}","Text, Image, Link",15/06/20 11:00,Rational,0,0,0,147
https://mobile.twitter.com/dzmmteleradyo/status/1222901029395521540?lang=ca,maraming; tubig; ncov,@DZMMTeleRadyo,DZMM TeleRadyo,"The Official Twitter news feed of DZMM Radyo Patrol 630, DZMM TeleRadyo and http://DZMM.com.ph. Like us on Facebook: http://facebook.com/DZMMTeleRadyo",Media,11/09,180,1513889,"ABS-CBN, Diliman, Quezon City","Hindi lang 2019 Novel #Coronavirus ang sakit na maiiwasan sa pag-inom ng maraming tubig. Stay hydrated! #nCoV

BASAHIN: https://bit.ly/2tQUglj","Text, Image, Link",30/01/20 23:15,Rational,19,0,11,9
https://twitter.com/gabudgett/status/1268795743009009664,covid; asin; tubig,@gabudgett,goob ğŸ¸ | writing comms open!,et mihi cedet amor â€” love too shall yield to me.,Anonymous,06/14,1619,1446,kmalonzo ğŸ’– she / they / it,tangina mo covid tubig lang saka asin katapat mo,Text,05/06/20 14:44,Emotional,4,2,0,136
https://twitter.com/RMolina3001/status/1287203651350491136,covid; asin; tubig,@RMolina3001,RMolina,,Anonymous,11/19,270,404,,4 days mo gawin yung pagsusuob mas maigi sa gabi buti di ka nasuka sa paginom ng tubig na may asin yung anak ko nasuka eh pangontra yung asin sa covid pinapatay nito yung virus sa katawan,"Text, Reply",26/07/20 09:50,Emotional,1,1,0,187
https://twitter.com/Mitch74820826/status/1289073915021721600,covid; asin; tubig,@Mitch74820826,80_tchim,we believe jesus love you and your family and friend and god bless us,Anonymous,01/20,604,23,"Marikina City, National Capita",Ang gamot talaga sa covid na yan kung nilalagnat ka inuubo ka or sinisipon biogesic lng at maligamgam na tubig at lagyan.asin magtakip ka ng kumot yun ang lunas sa pandemic na yan wala iba @ABSCBNNews @ABSCBN @DZMMTeleRadyo,Text,31/07/20 13:42,"Rational, Emotional",0,0,0,192
https://twitter.com/HMakabayan/status/1247726360904134656,covid; asin; salt,@HMakabayan,Hulyan Makabayan,"Live simply, so that others may simply live",Anonymous,06/19,145,43,,"Makakatulong ng malaki kung palagian tayo mag gargle ng salt solution o oresol at maligamgam na tubig ang iinumin. Mabisang antiseptic ang asin, ang covid ay nag uumpisa sa lalamunan at dun manggagaling pababa sa lungs, kung lagi tayo mag oresol maiiwasan ito",Text,08/04/20 11:22,"Rational, Emotional",2,0,0,78
https://twitter.com/Numeriano7/status/1256358464357457920,covid tubig asin,@Numeriano7,Numeriano,family bonding.,Anonymous,03/20,12,0,,"Buti pa sila may midnight snack, ako, init na tubig lang na may asin. To fight the covid 19. Dami kasi matitigas ang ulo at pasaway sa goberno, kaya nagkakalat at dumami pa ang nahawaan. Kawawa naman ang mga doctors sila ang unang napinsala sa nakakahawang virus.","Text, Reply",02/05/20 07:02,Emotional,0,0,0,102
https://twitter.com/uragonwanderer/status/1437830145289560065,covid; asin; luya,@uragonwanderer,wanderer78+,Staying positivity by defying + status; R09- Alabang; LTE; looking for friends just like me,Anonymous,08/21,173,123,,"Had COVID. Salamat at mild lang. 
Nung nilagnat ako, nagsuob agad ako ng mainit na tubig at asin araw araw. Inom mainit tubig may asin, luya at kain citrus fruits. Isolate agad. Ingat tayo lahat ğŸ™.",Text,15/09/21 1:26,Emotional,1,0,0,603
https://twitter.com/ndIsschrstn/status/1280895728697540608,covid; asin; tubig,@ndIsschrstn,leÃŸ,24 ğŸ»âš½ğŸ“šğŸ’»,Anonymous,08/14,1939,2610,Makati,tangina pagmumog ng maligamgam na tubig na may asin o suka lang pala ang katapat ng covid amp thank you facebook mafaflatten na ang curve,Text,09/07/20 12:05,Emotional,1,0,0,170
https://twitter.com/greencross123/status/1372048589996789762,covid; mumog,@greencross123,J.S.C,"Aviation geek ,Coldwar fanatic, â¤ï¸ british empire , Geography and geopolitics nerd, â¤ï¸Leica M buff, amateur and trunk radio hobbyist,",Anonymous,06/09,4994,3255,"wack wack village, mandaluyong","ang daming may symptoms ng covid ngayon!!!! sana wag mag tuloy! pwede pang ma remedy ng mumog hot  salted water, vit c , vit d3  at lots of warm water",Text,17/03/21 12:54,Emotional,29,3,0,421
https://twitter.com/AcadZia/status/1577237979055411200,covid; mumog,@AcadZia,zia | acad commissioner | OPEN | Turnitin,"âœ¨1st anniversaryâœ¨
Catered 1000+ tasks since February 2022 
Fortes:Write ups/Research/Edits/Arts DM ME ğŸ’Œ Facebook for more proof of legitimacy: Zia Smith",Identified,11/19,383,570,,"hellooo, i had same symptoms when i had covid lol (di ko sinasabing covid yan ah hekhek) tho nagagamot sya through gradual drinking of salabat with lemon or mumog night n day ng warm water with salt. hope it helps you, get well soon ms. bellaaa ^^","Text, Reply",04/10/22 18:00,Emotional,0,1,0,987
https://twitter.com/JadineTea/status/1238808847889747971,magmumog; salt,@JadineTea,#MassTestingNow #NoVIPTesting,,Anonymous,01/20,2,0,,"Everytime na uuwi kayo, disinfect na agad. Magmumog ng Vinegar, salt and hot water para kung may possible na virus mamatay na agad bago pa mapunta sa lungs. #Covid_19PH",Text,14/03/20 20:46,Rational,2,0,2,53
https://twitter.com/Baybiikevin/status/1373993460697460738,calamansi; covid,@Baybiikevin,@KevinStfnc,,Anonymous,07/14,589,267,Philippines,Gin Calamansi will protect you from covid 19 ğŸ˜ğŸ˜,Text,22/03/21 21:42,Rational,3,0,0,426
https://twitter.com/_obotpasco/status/1375802011141087235,calamansi; covid,@_obotpasco,Ã– B ğŸ˜ˆ T,"@antntt_rgdn
 ğŸ’",Anonymous,09/18,477,683,,Gin Calamansi will protect you from covid 19 ğŸ»,Text,27/03/21 21:28,Rational,2,0,0,431
https://twitter.com/Milz164/status/1453292729040089093,sibuyas; covid,@Milz164,drei,ğŸ¯|Laban|OT 2025|Towards that MD,Anonymous,07/16,1061,330,,Covid? Lagyan ng sibuyas ang tiyan,"Text, Reply",27/10/21 17:29,Rational,0,0,0,645
https://twitter.com/KevinStarfish/status/1484104467939491842,gamot; covid,@KevinStarfish,Starfishâ­,"Hemp will be ruling my brothers again, If you got the ganja then pass it my friend
ğŸ‡µğŸ‡­",Anonymous,09/11,1031,63,Republic of the Philippines,"Gamot sa Covid ğŸ¦ 
Day 1
{Alt-text image: image of a man's hand holding a Vicks inhaler while laying down on a bed}","Text, Image",20/01/22 18:04,Ratoinal,0,0,0,730
https://twitter.com/pawwvizc/status/1253513390980399104,covid; asin; tubig,@pawwvizc,THE CEREBRAL ASSASSIN,"simple life, positve vibes, don't negative (lason) vibes & good atitude rutheless ERA.....",Anonymous,02/17,399,168,Quezon City,"nagkakagulo ang buong mundo dahil sa covid...isang kutsaritang asin lang pala na hinalo sa isang basong mainit na tubig ang lunas? ....patay na ang vaccine ni bill gates hehehe 
https://youtu.be/J-j-BheJl6Y","Text, URL",24/04/20 10:37,Emotional,0,0,0,94
https://twitter.com/GozonJimmy/status/1385162403633979393,patay; covid,@GozonJimmy,Jimmy Gozon,joke,Identified,01/20,256,95,,MAG PA INIT SA ARAW PATAY COVID 100%..  ALAM NLA YN.. DTO BAWAL MG PAARAW PARA TUMAAS MGA MGKASAKIT NG COVID..,Text,22/04/21 17:23,Emotional,0,0,0,457
https://twitter.com/themanager76/status/1223141172404580352,bawang; gamot,@themanager76,Siberian Tiger,,Anonymous,12/14,57,150,,"Good for me
Mahilig ako sa bawang
Yun lng  pala gamot sa 
Virus na yan",Text,31/01/20 15:09,Emotional,0,0,0,10
https://twitter.com/palmaaf__/status/1430134075986104325,alak; covid,@palmaaf__,arienne,make me fall in love with life again,Identified,04/20,508,742,UP MNL,EFFECTIVE ALAK ANTI COVID,Text,24/08/21 19:45,Rational,4,0,0,581
https://twitter.com/xitianpogi/status/1239106731344453633,saging; corona,@xitianpogi,Xitian,uhm,Anonymous,10/18,526,1149,"Balayan, Calabarzon","Sabi sa isang pananaliksik sa Australia, napatunayan daw na ang saging ay panlaban sa Corona virus.
Credits: Vicente
{Alt-text Image: Photo of hand holding a banana}","Text, Image",15/03/20 16:30,Emotional,4,0,0,54
https://twitter.com/KIMerch_PH/status/1239161060482924544,saging; corona,@KIMerch_PH,â˜†KIMerch PHâ˜† : slow dm,ğŸ‡µğŸ‡­ based â€¢ Active during 2018 - 2022 ğŸ•Š #KIMerchFeedbacks â€¢ DTI REGISTERED ğŸ“ â€¢ #KIMerchOH - ONHAND ITEMS,Media,11/19,20,1417,PAMPANGA,"GUYS KAIN KAYO NG SAGING (lacatan much better pero any saging will do) NABALITAAN KO LANG NA MABISA DAW YON PANLABAN SA CORONA VIRUS.

ğŸŒ > ğŸ¦  

KEEP SAFE, SIGE UBUSIN NYO NA MGA SAGING mga bwiset chour hehe",Text,15/03/20 20:06,Emotional,6,0,0,54
https://twitter.com/armando_domo/status/1291356500263178241,pampatay; covid,@armando_domo,Mandy Domz,,Anonymous,07/20,438,267,,Sa Israel daw.. paghaluin ang lemon at kunting Baking Soda.. at gawing parang tsa.. effective para pampatay ng Covid virus,Text,06/08/20 20:52,Rational,1,0,0,198
https://twitter.com/Akolang99531947/status/1430163960901292040,covid; mumog,@Akolang99531947,Happymeee,its better to give than to receive,Anonymous,04/21,33,2,,mumog kna maligamgam na tubig na may asin...covid yan hahahahahaha,"Text, Reply",24/08/21 21:43,Emotional,0,0,0,581
https://twitter.com/cheesekapot/status/1279609032454688773,covid; mumog,@cheesekapot,Cheeseka ğŸ§€,you donâ€™t tell me what to do,Anonymous,11/16,78,948,she / her,Kapag talaga meron kang naramdaman na medj kakaiba sa pakiramdam mo talagang mumog na agad ng hot water with salt. Magsuob na. Jusko na ang pagkapraning ko talaga sa covid na to!,Text,05/07/20 10:52,Emotional,4,0,0,166
https://twitter.com/joweeennn/status/1239250490099032064,covid; kain; saging,@joweeennn,JO,keep chasing that dream,Anonymous,12/17,453,508,,"kain ka lang ng saging, para safe sa covid","Text, Reply",16/03/20 02:01,Emotional,1,1,0,55
https://twitter.com/LHCkyoong/status/1239100636131495938,covid; kain; saging,@LHCkyoong,lj ; IA,||FAN ACCOUNT||â¡ï¸ğ”¼ğ•ğ•† ğ• â„•â„‚ğ•‹/ğ•ğ”¸ğ•ğ• ğ• ğ•Šğ•ğ•‹ ğ• ğ•‹â„ğ”¼ â„ğ•†ğ•Šğ”¼ ğ• ğ•‹â„ğ”¼ğ”¸ğ•Šğ•Œâ„ğ”¼,Anonymous,03/18,743,740,"Manila City, National Capital",Guys! Kain kayo lagi ng saging makakatulong daw yung para makaiwas sa covid,Text,15/03/20 16:06,Emotional,1,0,0,54
https://twitter.com/mar_avi1124/status/1239354038916792320,covid; kain; saging,@mar_avi1124,mayward14344,,Anonymous,03/17,140,2,,"Kain nalang pala tayo nito ng madaming saging para iwas covid-19
{Alt-text video captions: Bananas are one of the most popular fruits worldwide. such as vitamin C. All of these support heart health. people who follow a high fiber diet have a lower risk of cardiovascular disease. Bananas contain water and fiber, both of which promote regularity and encourage digestive health. Inactivated virus (antigen). Immune System Antibody. Research made by scientists from the University of Queensland in Australia, have proven that bananas, improve your immune system due to the super source of Vitamins B-6 and helps prevent coronavirus. Having a banana a day keeps the coronavirus away.}","Tweet, Video",16/03/20 08:53,"Rational, Emotional",0,0,0,55
https://twitter.com/bb_angelikag/status/1429633581870043140,covid; inom; salt,@bb_angelikag,ğ’œğ“ƒğ“€ğ’¶. ğŸ¦‹,Angelika Grande. 24. â™¥ï¸âœ¨,Identified,01/17,397,236,"Candelaria, Quezon Province","Hi got this advise from a doctor, inom ka ng pure calamansi extract as in yung kakapiga then add konting salt, it can kill virus dawğŸ˜Š Get well soon, covid lang yan! Fighting!","Tweet, Reply",23/08/21 10:36,Emotional,1,0,0,215
https://twitter.com/jusiriyaaa/status/1397508380328034309,covid; inom; lemon,@jusiriyaaa,Ar. Siri ğŸ¦‹,Architecture student ğŸ•Šï¸ | 21 ğŸ¦‹,Anonymous,02/19,199,497,Caloocan City,"Akala ko non, magiging positive rin ako pero nilabanan ko 'yung COVID puro ako inom ng lemon, maligamgam man o malamig na tubig na may halong lemon, nagexercise ako kahit pagod na pagod katawan ko kasi gusto kong masigla ako.

At syempre, puro ako DASAL ng DASAL","Text, Reply",26/05/21 19:02,Emotional,0,1,0,491
https://twitter.com/nudongsj/status/1481730224530370567,covid; inom; lemon,@nudongsj,jÃ¦ ğŸ„ğŸ„,random || sj nuâ€™est b.i enhypen bw || multi,Anonymous,02/16,707,532,seokhaobin,pagaling pa din.. inom din ng luya w/ lemon.. kakaiba yung covid ngayon mabilis siya.~,"Text, Reply",14/01/22 04:49,Emotional,1,0,0,724
https://twitter.com/PeterVilladolid/status/1478144824473653249,covid; inom; lemon,@PeterVilladolid,Peter Villadolid,"Friendly Neighborhood Insurance Guy, Certified Kakampink, a sports nuts, Basketball is life, I can run too!",Identified,06/18,993,1314,"British Columbia, Canada",Pahinga lang.. sister nag ka covid din just last week. I had covid 2020.  Inom lang ako palagi ng ginger/lemon/honey tea. Dyan mas maganda kasi may kalamansi ka na mahalu sa ginger,"Text, Reply",04/01/22 07:22,Emotional,1,0,0,714
https://twitter.com/mattudl/status/1239476617019142145,saging; ncov,@mattudl,weiwei,i will outwork you. taurus | he/him | ENFJ,Anonymous,12/14,620,616,,"saging lang pala katapat sa ncov na yan #efas",Text,16/03/20 17:00,Rational,5,3,0,55
https://twitter.com/cheynelas/status/1239430265757241347,saging; ncov,@cheynelas,"chÃ©yne
",,Anonymous,11/16,74,667,,saging raw ang gamot sa NCOV ano pang inaantay mo?,Text,16/03/20 13:56,Emotional,7,1,0,55
https://twitter.com/Clawdeee/status/1239236722795270145,saging; ncov,@Clawdeee,R,Hatdugh,Anonymous,11/19,189,105,,Saging lang katapat ng ncov guysğŸ˜Œchill lang,Text,16/03/20 01:07,Rational,0,0,0,55
https://twitter.com/Koroush29/status/1239111104606994432,saging; ncov,@Koroush29,C,,Anonymous,02/19,167,161,Ph,Saging lang pala katapat ng ncov,Text,15/03/20 16:48,Rational,0,0,0,54
https://twitter.com/romaramor/status/1239346517472759809,saging; ncov,@romaramor,Mauro âœ¨,"Intelligence plus character-that is the goal of trueâ¤",Anonymous,08/19,835,743,"Lemery, Calabarzon",KAIN LANG TAYO GUYS NG SAGING PARA IWAS NCOV ;)),Text,16/03/20 08:23,Rational,0,0,0,55
https://twitter.com/vhngmrcd/status/1239242922978988033,saging; ncov,@vhngmrcd,LEANNN,ğ“ğ¨ ğ¥ğšğ³ğ² ğ­ğ¨ ğ¬ğ¨ğœğ¢ğšğ¥ğ¢ğ³ğ,Anonymous,08/18,286,241,"Tanauan City, Batangas",Saging lang pala katapat ng NCOV na yan HAHAHAHA,Text,16/03/20 01:31,Rational,2,0,0,55
https://twitter.com/rocelalala/status/1239433837446193152,saging; ncov,@rocelalala,000,,Anonymous,10/15,592,816,quiban,"Saging pala gamot sa ncov, ah, ah saging. HAHAHAHA",Text,16/03/20 14:10,Rational,4,0,0,55
https://twitter.com/DebDebKatigbak/status/1239160144677580803,saging; ncov,@DebDebKatigbak,DebbieeeeyğŸŒ¹ğŸ¦‹,,Anonymous,09/18,123,13,laguna,Saging Lang Pala solution sa NCOV ğŸ¤”ğŸ¤”,Text,15/03/20 20:02,Rational,0,0,0,54
https://twitter.com/ffffgrc__/status/1239179901040619520,saging; ncov,@ffffgrc__,fatima,vis ta vie,Anonymous,07/18,383,454,,"saging lang katapat ng ncov,, okay...",Text,15/03/20 21:21,Rational,2,0,0,54
https://twitter.com/roland_zuluetaa/status/1239180880557404160,saging; ncov,@roland_zuluetaa,GoSurf50,,Anonymous,03/18,188,133,Batangas City,Saging lang pala ang kontra sa ncov HAHAHA!,Text,15/03/20 21:25,Rational,0,0,0,54
https://twitter.com/Geloasindido/status/1239111365031313410,saging; ncov,@Geloasindido,ğŸŒ·,"ig:angeloasindido (follow my 2nd acc: 
@gelomortel
 )Do what makes u happy :)",Identified,03/18,515,2300,,Saging lang pala ang gamot sa NCOV!!,Text,15/03/20 16:49,Rational,0,0,0,54
https://twitter.com/PalomarChai/status/1378624172717314051,lemon; gamot; covid,@PalomarChai,Chai chai,kisses lang sapat nağŸ’‹ğŸ’‹ğŸ’‹,Anonymous,02/21,664,303,,"Lemon kayo jan gamot daw sa covid kaya pala mabili kahit mahal

KISSES MyBunnyLove

@KissesDelavin
 
#KissesDelavin 
#Kissables kisses delavin
{Alt-text image: picture of lemons being sold }","Text, Image",04/04/21 16:23,Rational,1,0,2,439
https://twitter.com/teta_limcangco/status/1353132813873078272?lang=en,DR. ZHONG NANSHAN,@teta_limcangco,Teta Limcangco,,Identified,03/15,1063,7512,,"The research also mentioned that if you take hot bath at 4 times or more each week, virus infection rate can drop to 60%.
Dr Zhong's advice on this is:  Take a hot bath every day. A 41 degrees C and for 5 minutes is good enough!

(Translated from a Chinese language handouts.)",Text,24/01/21 08:09,Rational,76,2,16,369
https://twitter.com/KJglob1ka/status/1239195830806032384,saging; corona,@KJglob1ka,ğŸ’›ğŸ’›ğŸ’›,,Anonymous,11/19,589,473,Philippines,"saging lang pala ang laban sa corona..sabi ko sya basta color yellow palaban yan ğŸ˜‚ğŸ˜‚
{Alt-text video: Video claiming bananas can prevent coronavirus, with research made by University of Queensland}","Text, Video",15/03/20 22:24,Emotional,26,0,7,54
https://twitter.com/dlorahhh/status/1239227223145467904 ,saging; corona,@dlorahhh,HAROLD,Carpe Diem,Anonymous,08/16,326,357,Find me,"Saging lang pala ang katapat ng corona virus. Thank you lord!!

#ctto
{Alt-text video: Video claiming bananas can prevent coronavirus, with research made by University of Queensland}","Text, Video",16/03/20 12:29,Emotional,1,0,0,55
https://twitter.com/pixierizz/status/1239144176865832961,saging; corona,@pixierizz,Rizaline Guevarra,I do a thing called what I want.,Identified,03/13,1546,347,malate manila,"Saging lang ang katapat ng Corona Virus. ğŸ˜‡ğŸ¥°ğŸ˜
{Alt-text video: Video claiming bananas can prevent coronavirus, with research made by University of Queensland}","Text, Video",15/03/20 18:59,Rational,0,0,0,54
https://twitter.com/ate_lhee/status/1232964952782184448,luya; corona,@ate_lhee,Ate Lhee,,Anonymous,06/15,566,4884,Republic of the Philippines,"Mainit dw to luya at isa sa mkka help pra d magka corona virus
{Alt-text image: post listing health benefits of ginger with a photo of ginger in the post}","Text, Image",27/02/20 17:45,Rational,5,0,8,37
https://twitter.com/BianoGibas/status/1453410477413863428,covid; calamansi,@BianoGibas,Biano Gibas,I'm God fearing and lovable,Identified,10/21,49,1,,"cure for covid is sour drinks or juice like pineapple juice,foncan or citrus or calamansi.",Text,28/10/21 01:17,Rational,0,0,0,646
https://mobile.twitter.com/peregrinosienes/status/1223855775807762433,bawang; ncov,@peregrinosienes,Peregrino Sienes,Mathematician/Scientist/Philosopher       Give me a break then i will change the world.,Identified,05/18,2519,574,Republic of the Philippines,"Makakatulong ang bawang sa pagpuksa ng virus ayon sa reseach, kaya lumonok tayo ng bawang hiwain ng pinong-pino tapos lunokin tulakan ng tubig mga tatlong pirasa tapos lunokin pagtapos kumain.","Text, Reply",02/02/20 14:28,Rational,0,0,0,12
https://twitter.com/whoskathh_/status/1238647905453391872,luya; ncov,@whoskathh_,joy,,Anonymous,07/18,637,823,ckl,luya pala ang gamot sa ncov,Text,14/03/20 10:07,Rational,1,0,0,53
https://twitter.com/MasterPopo1125/status/1239549653877587968,kalamansi; ncov,@MasterPopo1125,Master Popo,Cyden Denise Catimbang ğŸ˜,Identified,03/20,15,5,,Gin + Kalamansi Makakatulong makaiwas sa Ncov.,Text,16/03/20 21:50,Rational,0,0,0,55
https://twitter.com/Jean58402219/status/1240084824003457024,"calamansi, ncov",@Jean58402219,M,"you only live once

http://facebook.com/mumay0702",Identified,09/19,214,301,,gin calamansi mabisa para iwas ncov,Text,18/03/20 09:17,Rational,0,0,0,57
https://twitter.com/jenn_corpuz/status/1223215167569190912,lemon; ncov,@jenn_corpuz,jenn,,Anonymous,09/12,294,511,,"Lemon with honey! Sarap! ğŸ˜‹ panlaban sa ncov",Text,31/01/20 20:03,Rational,1,0,0,10
https://twitter.com/jilyahn/status/1225819248158601216,lemon; ncov,@jilyahn,jillian ğŸŒ ,would you even care,Anonymous,04/09,139,129,Australia,Margarita with 80 proof tequila ang pure lemon juice is the best anti ncov idea ğŸ¥‚,Text,08/02/20 00:30,Rational,0,0,0,18
https://twitter.com/chellethebirb/status/1223235564968693760,asin; ncov,@chellethebirb,ğŸ¦ BacxelBurb,"Time waits for no birb_",Anonymous,02/19,484,316,,"Nkakatulong daw sa pagprevent ng ncov... sabi daw ng isa sa mga duktor na nakatuklas sa SARS

Kaya three times a day na aq nagmumumog ng asin","Text, Reply",31/01/20 21:24,"Rational, Emotional",0,0,0,10
https://twitter.com/hanbelibabol/status/1236832760162992128,asin; ncov,@hanbelibabol,DanağŸ’œğŸ»ğŸ°ğŸ¶ğŸ¹ğŸ¢ğŸğŸº,ğŸ’œá´á´É´sá´›á´€ x ì°½ê·  í˜•ì› ğŸ’œá´É´á´‡á´œs ì‹œì˜¨ ì„œí˜¸ ì´ë„ğŸ’œá´É´F íš¨ì§„ ì°½ìœ¤ğŸ’œá´›á´á´ ì¹˜í›ˆ ğŸ’œá´€.á´„.á´‡. ì¤€ ğŸ’œsá´›Ê€á´€Ê á´‹Éªá´…s í•œ ğŸ’œ á´É´á´‡á´¡á´‡ í‚¤ì•„ ğŸ’œ Stay 0th 1st ê¸° | To Moon 1st ê¸° | Monbebe 5th 6th ê¸° | Fuse 1st ê¸° ğ‚‚,Anonymous,11/17,220,61,ğŸ‡µğŸ‡­ à¸…^â€¢ï»Œâ€¢^à¸… fan account,Pang gargle with asin panlaban sa ncov HAHAHAHA,Text,09/03/20 09:54,Rational,0,0,0,48
https://twitter.com/roycedelasalas/status/1223075236662276096,gin; ncov,@roycedelasalas,ROLLS-ROYCE,"No one wins in every battle/BTG",Anonymous,07/12,681,327,"Batangas City, Calabarzon","Gin lang naman pala katapat ng NCOV. Safe na safe mga Kabatang, pangmu mog lang yun gin dito sa Batangas eh HAHAHA",Text,31/01/20 10:47,Emotional,2,0,0,10
https://twitter.com/PeregrinoSienes/status/1223857741065646080,bawang; ncov,@PeregrinoSienes,Peregrino Sienes,Mathematician/Scientist/Philosopher       Give me a break then i will change the world.,Identified,05/18,2519,574,Republic of the Philippines,"Lulunok na lang tayo ng bawang, kaya daw pumoksa ng virus ang bawang ayon sa reseach. Kumuha ng tatlong pirasong bawang at hiwain ng pinong-pino saka lunokin tulakan ng tubig, protektado na siguro tayo sa NCOV. Lumonok 3 times a day after meals.","Text, Reply",02/02/20 14:36,Rational,0,0,0,12
https://twitter.com/Santij72/status/1238739846551818240,bawang; ncov,@Santij72,Santi Jane,,Anonymous,08/13,36,2,Genesan City,Efficacy of Garlic and Onion against virus | International Journal of Research in Pharmaceutical Sciences https://pharmascope.org/index.php/ijrps/article/view/1738/2428#.XmyRrEF-TXY.twitter ...ang gamit ng bawang at sibuyas pan laban sa NCov virus.,"Text, Link",14/03/20 16:12,Rational,0,0,0,53
https://twitter.com/babynikowl/status/1240766838104977408,magpaaraw; ncov,@babynikowl,N i C O L E â¤,"Patiently Waiting â¤â¬†ï¸  

Gamer ğŸ®  MEBC ğŸ±

Alden Richards stan ğŸ’™",Anonymous,05/11,105,250,,"Good morning! Tara, magpa araw tayo ng malusaw na yang ncov na yan! ğŸ˜Šâ˜€ï¸",Text,20/03/20 06:27,Emotional,0,0,0,59
https://twitter.com/Gan/status/1222878415956525056,garlic; ncov,@Gan,Gan,Always after how things work....oh and think long term.,Anonymous,08/16,642,2249,"ÃœT: 14.447624,120.954046","may cure na daw si nCoV, GARLIC!!!! Kaya let's go, isang bandehadong GARLIC RICE please!!!! Samahan natin ng Sisig at Gambas? pwede na? Tara lets! ğŸ¤£ğŸ¤£ğŸ¤£ğŸ¤£",Text,30/01/20 09:45,"Rational, Emotional",0,0,0,9
https://twitter.com/Macabees_/status/1223411919458975745,garlic; ncov,@Macabees_,Sir Galahad,Discite benefacere quaerite iudicium subvenite oppresso iudicate pupillo defendite viduam. Adsum Serviam,Anonymous,03/11,443,37,"Pasig City, National Capital Region","Read several posts on how to counter #nCoV #NobelCoronaVirus #CoronaVirus2020 They say garlic, moringa and turmeric will help. Worth trying. Be safe everyone.",Text,01/02/20 09:05,Rational,0,0,0,11
https://twitter.com/Santij72/status/1238740909619138560,bawang; ncov,@Santij72,Santi Jane,,Anonymous,08/13,36,2,Genesan City,Efficacy of Garlic and Onion against virus | International Journal of Research in Pharmaceutical Sciences https://pharmascope.org/index.php/ijrps/article/view/1738/2428#.XmyRrEF-TXY.twitter ..ang mahusay na panlaban sa NCov virus,"Text, Link",14/03/20 16:17,Rational,1,0,0,53
https://twitter.com/hanbelibabol/status/1236180361257684992,ncov; asin,@hanbelibabol,DanağŸ’œğŸ»ğŸ°ğŸ¶ğŸ¹ğŸ¢ğŸğŸº,ğŸ’œá´á´É´sá´›á´€ x ì°½ê·  í˜•ì› ğŸ’œá´É´á´‡á´œs ì‹œì˜¨ ì„œí˜¸ ì´ë„ğŸ’œá´É´F íš¨ì§„ ì°½ìœ¤ğŸ’œá´›á´á´ ì¹˜í›ˆ ğŸ’œá´€.á´„.á´‡. ì¤€ ğŸ’œsá´›Ê€á´€Ê á´‹Éªá´…s í•œ ğŸ’œ á´É´á´‡á´¡á´‡ í‚¤ì•„ ğŸ’œ Stay 0th 1st ê¸° | To Moon 1st ê¸° | Monbebe 5th 6th ê¸° | Fuse 1st ê¸° ğ‚‚,Anonymous,11/17,221,61,ğŸ‡µğŸ‡­ à¸…^â€¢ï»Œâ€¢^à¸… fan account,Asinan na lang daw natincyung ncov hahahaha baon tayo asin sa unlock ganun hahahaha,Text,07/03/20 14:42,Emotional,1,1,0,46
https://twitter.com/districtfine/status/1236182401337810944,ncov; asin,@districtfine,Ayie ğŸŒŒ,"Airfryer operator and tissue somelier.
 
ğŸºğŸ¥ŸğŸ° |â£ï¸Since 170926 | OT8",Anonymous,12/15,344,6475,Stargazing,and bawang!!,"Text, Reply",07/03/20 14:50,Emotional,1,1,0,46
https://twitter.com/hanbelibabol/status/1236182520300892161,ncov; asin,@hanbelibabol,DanağŸ’œğŸ»ğŸ°ğŸ¶ğŸ¹ğŸ¢ğŸğŸº,ğŸ’œá´á´É´sá´›á´€ x ì°½ê·  í˜•ì› ğŸ’œá´É´á´‡á´œs ì‹œì˜¨ ì„œí˜¸ ì´ë„ğŸ’œá´É´F íš¨ì§„ ì°½ìœ¤ğŸ’œá´›á´á´ ì¹˜í›ˆ ğŸ’œá´€.á´„.á´‡. ì¤€ ğŸ’œsá´›Ê€á´€Ê á´‹Éªá´…s í•œ ğŸ’œ á´É´á´‡á´¡á´‡ í‚¤ì•„ ğŸ’œ Stay 0th 1st ê¸° | To Moon 1st ê¸° | Monbebe 5th 6th ê¸° | Fuse 1st ê¸° ğ‚‚,Anonymous,11/17,221,61,ğŸ‡µğŸ‡­ à¸…^â€¢ï»Œâ€¢^à¸… fan account,Hahahah 8 cloves ng garlic plus 7 cups of water wag kalimutan HAHAH,"Text, Reply",07/03/20 14:50,Emotional,0,0,0,46
https://twitter.com/hanbelibabol/status/1236502192808329216,ncov; asin,@hanbelibabol,DanağŸ’œğŸ»ğŸ°ğŸ¶ğŸ¹ğŸ¢ğŸğŸº,ğŸ’œá´á´É´sá´›á´€ x ì°½ê·  í˜•ì› ğŸ’œá´É´á´‡á´œs ì‹œì˜¨ ì„œí˜¸ ì´ë„ğŸ’œá´É´F íš¨ì§„ ì°½ìœ¤ğŸ’œá´›á´á´ ì¹˜í›ˆ ğŸ’œá´€.á´„.á´‡. ì¤€ ğŸ’œsá´›Ê€á´€Ê á´‹Éªá´…s í•œ ğŸ’œ á´É´á´‡á´¡á´‡ í‚¤ì•„ ğŸ’œ Stay 0th 1st ê¸° | To Moon 1st ê¸° | Monbebe 5th 6th ê¸° | Fuse 1st ê¸° ğ‚‚,Anonymous,11/17,221,61,ğŸ‡µğŸ‡­ à¸…^â€¢ï»Œâ€¢^à¸… fan account,Gargle hot water and asin pangontra ncov tapos mag sabit kayo albatross sa kwarto HAHAHAHAHHAHAAHHAHAAHHAHAHAHAHAHAAHHA yawqna,"Text, Reply",08/03/20 12:01,Emotional,1,1,0,47
https://twitter.com/JustAJaeTrash/status/1224341476533866497,ncov; asin,@JustAJaeTrash,CLOSE,"Made 10.10.18 | 181006 191123 | You can find me in 
@Jaeminoona_",Anonymous,10/18,1204,2032,,Hala! Di kita tinatakot pero bat parang symptoms ng ncov? ğŸ˜£ Inom ka agad gamot. Mumog ka rin ng maligamgam na tubig na may asin. Pagaling ka! ğŸ˜¥,"Text, Reply",03/02/20 22:38,Emotional,0,0,0,13
https://twitter.com/JhnlneRvr/status/1267114725352992768,ncov; asin,@JhnlneRvr,Jho.,,Anonymous,10/17,338,392,âœˆï¸,I will say na effective po siya skl ung tito ko sa dubai sa airport siya nag trabaho and sobrang naramdaman niya lahat ng sintomas ng ncov hindi siya nagpunta sa hospital and what ang ginawa niya ganyan lang every night tas warm water na may asin iniinom niya +++,"Text, Reply",31/05/20 23:24,Emotional,1,1,0,131
https://twitter.com/dvdjshlstr/status/1239212860758085632,ncov; saging,@dvdjshlstr,josh_,no risk no gain,Anonymous,05/18,208,86,"Lungsod ng Las PiÃ±as, Pambansa",Eat saging for ncov.,Text,15/03/20 23:32,Rational,0,0,0,54
https://twitter.com/RommelRms/status/1239205742529282053,ncov; saging,@RommelRms,Sam,mahal ko pero di ako mahal ğŸ˜¢,Anonymous,10/19,100,24,,Saging lang pala katapat nang ncov buti nalang safe ako hahaha,Text,15/03/20 23:04,Emotional,0,0,0,54
https://twitter.com/buysonwtf/status/1239137803046281216,ncov; saging,@buysonwtf,tyr,busy upgrading myself everyday,Anonymous,02/19,115,146,"California, USA",kain kayo saging iwas ncov daw,Text,15/03/20 18:34,Emotional,1,0,0,54
https://twitter.com/eraaaard/status/1239188237240786951,ncov; saging,@eraaaard,erard,"Hello, how are you? (. â› á´— â›.)",Anonymous,07/16,688,62,,Awit saging lang pala tatalo sa NCOV-19 HAHAHAHA,Text,15/03/20 21:54,Emotional,2,0,0,54
https://twitter.com/rizchelleyanee/status/1243027351954272256,ncov; luya,@rizchelleyanee,panerng,growing and glowing everyday...,Identified,12/17,64,56,bahay,"ginawan ko lola ko ng calamansi juice with luya!!!!!! masarap sya. try nyo guys iwas ncov, lalo sa mga may edad na.","Text, Reply",26/03/20 12:09,Emotional,0,0,0,65
https://twitter.com/underrated690/status/1240282777360035840,ncov; luya,@underrated690,ohayo,,Anonymous,09/19,98,78,,Sa sobrang takot ko sa NCOV pati Luya sa tinola kinakain ko ğŸ¤ª,Text,18/03/20 22:23,Emotional,1,0,0,57
https://twitter.com/KYLEyourEGO/status/1239167174050078721,ncov; luya,@KYLEyourEGO,ğŸ‘‘Mark Paderes De Leon,â€¢ Optimist â€¢ Wanderer (Always a TRAVELLER never a tourist) â€¢ Sagittarian â€¢ Free Spirited â€¢ Speaks My Mind â€¢ Pet (Dog&Cat) Lover â€¢ X OFW â€¢ KAM,Identified,02/12,538,282,Manila City,"Tinolang Tahong, madaming luya at maanghang para iwas Ncov-19 ğŸ’ªğŸ» @ Barangay 41, Caloocan City https://instagram.com/p/B9wR2YeHO89WYREvaWjwGAG3MCMQnryfFI8Zc80/?igshid=1lauz93p6lykw",Text,15/03/20 20:30,"Emotional, Rational",0,0,0,54
https://twitter.com/alvarezcyndi_/status/1239227682191106048,ncov; luya,@alvarezcyndi_,CyndiğŸŒ»KSG/KaoSethğŸ’›ğŸŒ & JelRiğŸ’›ğŸ’š,"Fan of JelRi since Nov 10, 2018
Fan of KaoSeth since Nov 12, 2018",Anonymous,12/18,672,729,Alabang,"May mga pangontra sa virus na NCoV na yan..
1) Uminom ng Lemon juice - dahil may taglay na Vit. C
2) Kumain ng Luya - na nagpapa init ng ating katawan
3) Saging - dahil may taglay na Vit B 
4) Mag alcohol
5) Mag hugas ng kamay gamit ang sulphur soap
6) Mag facemask
7) PrayersğŸ™",Text,16/03/20 00:31,"Emotional, Rational",3,0,13,55
https://twitter.com/rjntzn_/status/1239522246831398913,ncov; luya,@rjntzn_,â™”,Isaiah 60:22,Identified,05/13,168,223,adriel,sweet ni adriel ğŸ¥º tumawag kanina tas sabe wag na daw ako lalabas para ma prevent yung ncov and also chinat nya rin ako na inom daw ako lemon with luya para daw sa lalamunan ko++,Text,16/03/20 20:01,Emotional,1,1,0,55
https://twitter.com/LJPANGANIBAN1/status/1239710305955045379,ncov; salabat,@LJPANGANIBAN1,LJ P. PANGANIBAN,"Eagle Scout |
TRISKELION-MDG |
Knight Commander of Rizal |
Odd Fellow |
Muscovite |
Tanglaw |
Master of Public Ad",Identified,06/12,474,232,Philippines,"1st day of #enhancedcommunityquarantine
Salabat kontra #NcoV
#stayhome, Ingat po ang lahat..

#tuesdaygrind
#lockdown #covid_19
#AngTOLngBayan
#instabulakenyo https://instagram.com/p/B90I1kLDPa8dbkFowMGbxR4-C1x4CKoh2laWR40/?igshid=1fs8lf9ff2k3r",Text,17/03/20 08:29,Emotional,0,0,0,56
https://twitter.com/kerby_cyrus/status/1237616600489979904,ncov; calamansi,@kerby_cyrus,OG*CHOY,Better Believe.,Anonymous,07/15,102,308,,"gin calamansi kayo jan 
big benefits = anti ncov + Vitamin C 
Ano pa hinihintay mo ? TARA NA!",Text,11/03/20 13:49,Emotional,12,0,1,50
https://twitter.com/jaypeepaule/status/1241293548978200576,ncov; calamansi,@jaypeepaule,j,under construction,Anonymous,01/13,129,451,,"Anti NCov Juice

Basil Leaves
Moringa 
Ginger
Calamansi/Lemon
Honey
Water.

Blend it all.
{Alt-text image: Picture of the supposed Anti NCov Juice}","Text, Image",21/03/20 17:20,Rational,2,0,0,60
https://twitter.com/TennesseeRenz_A/status/1239530656021057537,ncov; calamansi,@TennesseeRenz_A,10ens,,Identified,11/17,293,258,Cabuyao Laguna,Iwas sa ncov Gin Calamansi,Text,16/03/20 20:35,Rational,0,0,0,55
https://twitter.com/pshizzzle1/status/1222869331878432769,ncov; calamansi,@pshizzzle1,Paula L. Dalupan ğŸ¦„ğŸ’ğŸ‘‘ğŸ‡µğŸ‡­ğŸ’œ,"ğŸ’œ THE ONE AND ONLY ğŸ‘‘
ğŸ‡µğŸ‡­ Half Filipina / half crazy ğŸ’£
in love with $ETH ğŸ“ˆğŸš€ğŸŒ‘",Identified,07/11,883,367,Manila,Parang oks mag soju plus calamansi tonight ğŸ˜… #nCoV,Text,30/01/20 21:09,Emotional,0,0,0,9
https://twitter.com/Perdo_bal/status/1238774127592275968,ncov; calamansi,@Perdo_bal,martine,"ECE.

Small town kid, Big city dreams",Anonymous,09/18,117,116,"Bacolod City, Western Visayas","Salt for Electrolytes
Tequila for alcohol
Then a Calamansi for Vitamin C.
Lets protect ourselves from NCOV the Tito Joe's way.",Text,14/03/20 18:29,"Rational, Emotional",4,0,0,53
https://twitter.com/Fayeeet_/status/1237408455146651648,ncov; kalamansi,@Fayeeet_,mica,,Anonymous,11/18,178,276,"Bangkok, Thailand",Gin kalamansi dalandan dw para I was ncov HAHAHAH,Text,11/03/20 00:02,Emotional,0,1,0,50
https://twitter.com/rhzcstllvsqz/status/1238393725803323392,ncov; kalamansi,@rhzcstllvsqz,Seya â™¡,,Anonymous,01/19,213,338,,Arat gin kalamansi para iwas ncov HAHAHAHAHAHAH,"Text, Reply",13/03/20 17:17,Emotional,1,1,0,52
https://twitter.com/GreyCallme/status/1240889629563162624,bilad; covid,@GreyCallme,CallmeGrey,Half Filipina/Half FilipinoğŸŒˆ,Anonymous,03/20,16,1,,"Mag bilad para Covid di tumalabğŸŒğŸ™ˆ

{Video of woman outdoors}","Text, Video",20/03/20 14:35,Rational,0,0,0,59
https://twitter.com/nielamariela/status/1243343578568392705,bilad; covid,@nielamariela,unnie,thoughts ko 'to ah.,Identified,04/19,34,36,Philippines,Bilad sa araw grabe tunay ka covid mamamatay ka sa init,Text,27/03/20 09:06,Emotional,0,0,0,66
https://twitter.com/blackkn05858615/status/1252576904042950658,salabat; virus,@blackkn05858615,black knights,"Because I belong to the Special Forces and the oldest fraternity in the world AF & AM A proud DDS who loves my country of origin, the Philippines ğŸ‡µğŸ‡­",Anonymous,02/20,929,891,,Hot salabat with honey and lemon Atty.  patay virus,"Text, Reply",21/04/20 20:36,Rational,8,2,2,91
https://twitter.com/YesYesYo13/status/1252516986879270912,salabat; covid,@YesYesYo13,YesYesYo!,"Lawyer,Jazz Singer,Movie Critic,Film Maker,Record Producer,Commentator, Lover of Beauty. Women are the foundation of society, so men must lay the foundation.",Identified,08/18,1318,28817,"Pasig City, Philippines","Salabat. Pre-emptive strike daw sa Covid-19, sabi ng Chinese doctor ko.

{Alt-text image: Picture of salabat in a mug taken at a home setting, the salabat talked about in the text}","Text, Image",21/04/20 16:38,Emotional,10,88,13,91
https://twitter.com/tyroneuy_uy/status/1239137209531297792,lemon; ncov,@tyroneuy_uy,uy1uy,{emojis of flags of several countries},Anonymous,05/17,2610,427,Quezon City,"Vodka lemon pangontra ncov ğŸ˜œ
{Alt-text image: Picture of vodka with lemons}","Text, Image",15/03/20 18:31,"Rational, Emotional",3,0,0,54
https://twitter.com/superkav16/status/12398974037647810611,banana; gamot; covid,@superkav16,Kharl,,Anonymous,07/17,54,172,Republic of the Philippines,"Hindi po totally fake news na gamot sa COVID-19 ang Banana o Saging, peeps. May mga preliminary study na hindi pa natatapos.",Text,17/03/20 20:52,Rational,0,0,0,56
https://twitter.com/abella_kma/status/1243146380979261441,salt; patay; covid,@abella_kma,LUCULIA,a dreamer without an actual work,Anonymous,03/17,750,121,,"GOISSS TIP TO AVOID COVID
PAGARGLE MOG WATER AND SALT PARA KONG BASIN NAA ANG VIRUS SA IMO THROAT MA PATAY ANDD MUCH BETTER IF ROCK SALT ANG GAMITON NYA WA NAMAY ROCK SALT SO ROCK NLG 
OKBYE HAHAHAHAHAHAHAHAHA",Text,26/03/20 20:02,Emotional,0,0,0,65
https://twitter.com/JBalye/status/1245356186183983104,egg; gamot; covid,@JBalye,Jas Balye,80% of something is better than 100% of nothing,Identified,03/20,58,8,,Gamot sa covid yung Egg. Nabasa ko lang. Hehehe.,"Text, Reply",01/04/20 22:23,Rational,0,0,0,71
https://twitter.com/Koj2262/status/1239158541845487618,banana; iwas; corona,@Koj2262,(ğ“šğ“ğ“¡ )ğŸŒ¹ğŸ’« (Câ€™Denden ),Overboard-Justin Bieber ğŸ†— #Englot (Moon -Venus ),Anonymous,04/18,268,332,Republic of the Philippines,"Wag po kalimutan kumain ng banana para iwas corona virus ğŸ¦ . ğŸ™ğŸ˜‡

{Alt-text video: Video claiming bananas can prevent coronavirus, with research made by University of Queensland}",Text,15/03/20 19:56,Rational,0,0,0,54
https://twitter.com/EagleEquities/status/1434820068731281408,vco; covid,@EagleEquities,Eagle Equities,https://instagram.com/eagleequitiesinc?igshid=7h3fd5v6n6q5,Media,09/17,117,1176,Makati,"VCO as possible Covid treatment
{link to article: https://www.cnnphilippines.com/news/2021/9/6/Results-of-VCO-trial-vs-COVID-19-out--soon--.html?fb }","Text, URL",06/09/21 18:05,Rational,11,0,7,594
https://twitter.com/larabelalu/status/1239134040365527040,bananas; ncov,@larabelalu,lars | #HandsOffTNP,"lagiâ€™t laging para sa Diyos, para sa bayan, para sa sining, at para sa katotohanan. #JournalismIsNotTerrorism | views are my own",Identified,03/17,504,474,grodecky â€˜22 | plaridel hall,yâ€™all d antidote for ncov was made from bananas so eat your bananas bitch ğŸŒ,Text,15/03/20 18:19,Emotional,0,0,0,54
https://twitter.com/icbacungan/status/1226426948773122051,oil; ncov,@icbacungan,Ian Irving Bacungan,"Journalist, Blogger, Radio Anchor, Digital Media Specialist",Identified,07/13,338,1390,,"Coconut Oil Potential Treatment for nCoV, Says Scientist http://techbeat.ph/coconut-oil-potential-treatment-for-ncov-says-scientist/ 
{Alt-text image: man holding glass ball}","Text, URL, Image",09/02/20 16:45,Rational,0,0,0,31
https://twitter.com/Gots4ucee/status/1238914439971106817,gin; ncov,@Gots4ucee,ğŸ‘ï¸,1 of 1,Anonymous,12/17,326,363,sin city,Gin to prevent ncov,Text,15/03/20 03:46,Rational,2,0,1,66
https://twitter.com/jhnrphel/status/1237356087835152384,gin; ncov,@jhnrphel,tress,nothing happen,Anonymous,09/17,360,226,,Tara inom gin para iwas ncov,Text,10/03/20 20:34,"Rational, Emotional",2,0,0,61
https://twitter.com/chrestine_07/status/1238051128060739584,tubig; ncov,@chrestine_07,Tine,"No matter what happen you will call me Dra.RoncaleğŸ‘©â€âš• in the future.
                              BSN ğŸ©ºâš•ï¸",Anonymous,09/17,138,132,"London, England",Tamang tama. Mainit na tubig iniinom ko. Iwas NCOV,Text,12/03/20 18:36,Rational,3,0,0,63
https://twitter.com/gerramerexavier/status/1281344750197469186,tubig; iwas; covid,@gerramerexavier,Jeremy,Wizard | 8 | Mark 1:14 | Psych | Ad astra sapientiam,Identified,02/13,465,276,Ravenclaw,"salamat tita sa pag asikaso ng tubig na mainit ko panligo everyday.
Iwas covidğŸ’Š",Text,10/07/20 5:49,Emotional,0,0,0,183
https://twitter.com/yeontaenie/status/1238792582433370117,tubig; iwas; covid,@yeontaenie,sha | finals,defending sunoo isn't enough i need a bat | 18,Anonymous,12/17,288,145,- cotton candy | 18 | multi ,"ingat po kayo magalchol po maghugas po ng kamay, uminom po ng milo kasi dapat mainit na tubig para mainitan yung katawan natin para iwas covid atwag mag aakar ah! Kng pwede lang videocall nalang para mas safe muahhhh loveyouuuuâ¤ğŸ’â¤ğŸ’–ğŸ’•ğŸ’–â¤ğŸ’–",Text,14/03/20 19:42,Emotional,0,0,0,65
https://twitter.com/hjoongiekeke/status/1234008935285178370,tubig; covid,@hjoongiekeke,ã€ŠhJOONGã€‹,,Anonymous,12/18,14,1,,"Ang corona virus ay hindi mag tatagal sa init. Kaya panatilihing mag hugas ng kamay, at uminom ng na may halong mainit na tubig araw araw ang inyong iniinum na tubig. Para hindi kapitan ng corona virus sa katawan! Konting kaalaman para sa ikabubuti ng ating pamilya. Share4",Text,01/03/20 14:53,Rational,0,0,0,52
https://twitter.com/mariamsd9/status/1247794174163685380,tubig; corona,@mariamsd9,marythel,,Anonymous,05/14,13678,12988,,"Kung ang corona virus ay nabubuhay sa malamig na panahon at pag-inum ng malamig na pagkain dapat pala ito ay iwasan natin at ugaliing uminum ng mainit-init na tubig.
#stayathome
#FightCovid19 
#Godhelpus",Text,08/04/20 15:51,Rational,1,0,0,90